city_ascii;lng;lat;population
El Dorado Hills;-121.0490;38.6750;45104
Lemon Cove;-119.0312;36.3790;232
Dillon Beach;-122.9560;38.2436;156
Patterson Tract;-119.2956;36.3795;2320
Redcrest;-123.9474;40.3987;36
Madera;-120.0803;36.9640;83636.0
Brooktrails;-123.3963;39.4429;3705
Geyserville;-122.9034;38.7173;929
Delhi;-120.7759;37.4306;11622
Stanton;-117.9935;33.8002;38528
Cobb;-122.7230;38.8356;984
Amador City;-120.8232;38.4190;190
Vallejo;-122.2359;38.1133;173844.0
Scotts Valley;-122.0118;37.0555;11945
Fish Camp;-119.6374;37.4797;83
Alpine;-116.7585;32.8439;14795
Rowland Heights;-117.8911;33.9716;50572
Alta;-120.8033;39.2138;476
North San Juan;-121.1060;39.3718;297
Mountain Mesa;-118.4047;35.6411;808
Shafter;-119.2013;35.4794;20889.0
Bombay Beach;-115.7306;33.3548;341
Fairfax;-122.5950;37.9884;7598
Round Mountain;-121.9375;40.8005;98
Avocado Heights;-118.0026;34.0381;16213
Dunnigan;-121.9741;38.8926;1299
Strathmore;-119.0612;36.1438;3617
Inglewood;-118.3444;33.9566;110598
Randsburg;-117.6607;35.3680;143
Granite Hills;-116.9056;32.8033;2873
Burlingame;-122.3669;37.5860;30686
Keddie;-120.9525;40.0059;42
Lodi;-121.2933;38.1218;72890.0
Saticoy;-119.1452;34.2819;1005
Avery;-120.3790;38.1939;575
Spreckels;-121.6465;36.6247;562
South Whittier;-118.0311;33.9336;60000
Boron;-117.6659;35.0164;2406
Cherry Valley;-116.9694;33.9797;7924
Milpitas;-121.8921;37.4340;78106
El Sobrante;-117.4624;33.8724;14451
Exeter;-119.1459;36.2940;10553
Whitewater;-116.6873;33.9356;989
Inyokern;-117.8213;35.6546;731
Rackerby;-121.3542;39.4261;176
Pajaro Dunes;-121.8101;36.8722;319
Adin;-120.9494;41.1964;206
Lake Nacimiento;-120.8702;35.7309;2806
Live Oak;-121.6624;39.2788;8935.0
Fort Jones;-122.8409;41.6086;692
Rancho Cordova;-121.2523;38.5740;73563
Black Point-Green Point;-122.5190;38.1120;1544
Manhattan Beach;-118.3972;33.8895;35924
Montecito;-119.6286;34.4382;8984
El Monte;-118.0291;34.0739;116109
Bostonia;-116.9479;32.8189;17600
Palo Cedro;-122.2363;40.5511;1253
Belmont;-122.2955;37.5154;27140
Robbins;-121.7055;38.8672;329
Woodacre;-122.6384;38.0052;1574
Sugarloaf Mountain Park;-118.6039;35.8379;0
Willowbrook;-118.2362;33.9199;22654
Mather;-121.2832;38.5489;4201
Los Berros;-120.5451;35.0809;483
Waterloo;-121.1846;38.0365;750
Callender;-120.5759;35.0480;1679
Carmet;-123.0720;38.3743;0
Yosemite Lakes;-119.7723;37.1886;5274
Buckhorn;-120.5354;38.4532;2281
Edmundson Acres;-118.8233;35.2273;414
Grenada;-122.5260;41.6406;471
Montclair;-117.6981;34.0714;39276
Buck Meadows;-120.0653;37.8127;51
Grimes;-121.8988;39.0742;271
Hayfork;-123.1299;40.5610;2641
Indio;-116.2346;33.7346;408097.0
Sierra City;-120.6297;39.5740;165
Mission Hills;-120.4405;34.6861;4014
Valley Acres;-119.4106;35.2087;430
Montebello;-118.1108;34.0155;63192
Newell;-121.3675;41.8898;307
Parksdale;-120.0218;36.9462;3029
Graton;-122.8660;38.4376;1827
Livingston;-120.7248;37.3875;14140
Traver;-119.4824;36.4526;834
Floriston;-120.0145;39.3930;34
Montague;-122.5302;41.7275;1406
Mesa;-118.5424;37.4189;288
Lompico;-122.0523;37.1101;899
Hidden Meadows;-117.1198;33.2236;3382
La Vina;-120.1147;36.8799;288
Lindsay;-119.0897;36.2082;16515.0
Bass Lake;-119.5668;37.3280;571
Calimesa;-117.0542;33.9874;8817
Thousand Palms;-116.3545;33.8150;7356
Modesto;-121.0028;37.6374;381398.0
Pico Rivera;-118.0888;33.9902;63522
East Rancho Dominguez;-118.1956;33.8949;16027
Maricopa;-119.4054;35.0517;1197
Wilton;-121.2127;38.4130;5097
Ocotillo;-116.0020;32.7431;114
Klamath;-124.0063;41.5322;722
Costa Mesa;-117.9135;33.6667;113825
Oceano;-120.6090;35.1019;7788
Robinson Mill;-121.3202;39.4857;19
Colusa;-122.0096;39.2049;6781.0
Meadowbrook;-117.2851;33.7254;2656
Hidden Valley Lake;-122.5505;38.8003;5735
Caruthers;-119.8450;36.5399;2984
Potrero;-116.6068;32.6131;465
Laton;-119.6916;36.4338;1921
Hiouchi;-124.0661;41.7937;427
Fuller Acres;-118.9143;35.3023;872
Herald;-121.2318;38.2913;1125
Furnace Creek;-116.8747;36.4277;139
Lucerne Valley;-116.9021;34.4427;5472
Volcano;-120.6306;38.4456;35
Redding;-122.3650;40.5698;120270.0
Concord;-122.0016;37.9722;654770.0
West Modesto;-121.0343;37.6180;5786
Golden Hills;-118.5024;35.1512;8889
Santa Fe Springs;-118.0625;33.9330;17980
Fellows;-119.5472;35.1780;57
Forestville;-122.8899;38.4825;3658
Los Molinos;-122.0981;40.0270;1928
Banning;-116.8991;33.9461;31230
Sacramento;-121.4683;38.5667;1854698.0
Independence;-118.2133;36.8275;607
Spring Valley Lake;-117.2684;34.4988;7356
Valley Ford;-122.9148;38.3246;198
Plumas Eureka;-120.6645;39.7982;303
Westside;-120.1344;36.4042;234
Country Club;-121.3408;37.9687;9914
East Quincy;-120.9189;39.9165;2494
Rancho San Diego;-116.9197;32.7624;21651
Lewiston;-122.8225;40.6969;1368
Bonadelle Ranchos-Madera Ranchos;-119.8893;36.9596;8647
Teviston;-119.2783;35.9290;1135
Lagunitas-Forest Knolls;-122.6914;38.0180;1790
Palo Alto;-122.1467;37.3913;67178
Pearsonville;-117.8755;35.8188;24
Bonita;-117.0296;32.6652;13082
Del Rio;-121.0091;37.7432;1078
Danville;-121.9698;37.8121;44786
Casa de Oro-Mount Helix;-116.9687;32.7640;20196
Cloverdale;-123.0154;38.7962;9362.0
La Quinta;-116.2785;33.6536;41304
Roseland;-122.7298;38.4178;5717
Big Bear City;-116.7903;34.2536;13186
Chinese Camp;-120.4443;37.8703;218
Washington;-120.7906;39.3591;78
San Jacinto;-116.9915;33.7970;48254
Carrick;-122.3635;41.4467;77
Meadow Vista;-121.0304;39.0029;3448
Old Fig Garden;-119.8051;36.7989;5522
Likely;-120.5033;41.2254;0
Sugarloaf Saw Mill;-118.6166;35.8343;0
Riverdale Park;-121.0425;37.6028;1067
Tulelake;-121.4753;41.9533;994
Las Flores;-117.6235;33.5838;5665
Biola;-120.0199;36.8006;1390
Los Ranchos;-120.6291;35.2102;1658
San Mateo;-122.3122;37.5522;104748
Livermore;-121.7608;37.6861;91030.0
Diablo Grande;-121.2699;37.4006;885
Idyllwild-Pine Cove;-116.7257;33.7443;2590
Morongo Valley;-116.5627;34.0724;3231
Thornton;-121.4249;38.2310;934
San Diego;-117.1225;32.8312;3210314.0
Bermuda Dunes;-116.2874;33.7435;7243
Copperopolis;-120.6277;37.9365;4214
La Crescenta-Montrose;-118.2353;34.2323;19658
Pine Canyon;-121.1498;36.1757;1995
Brookdale;-122.1106;37.1058;2490
Signal Hill;-118.1681;33.8029;11622
Stirling City;-121.5361;39.9064;201
Loma Rica;-121.4038;39.3204;3111
Tamalpais-Homestead Valley;-122.5382;37.8793;10853
Tuttle;-120.3789;37.2965;63
West Park;-119.8516;36.7055;755
Pleasanton;-121.8805;37.6663;83007
March ARB;-117.2777;33.8888;1065
Big Lagoon;-124.1303;41.1592;113
Muscoy;-117.3482;34.1548;12968
West Covina;-117.9112;34.0555;107598
Bellflower;-118.1271;33.8880;77772
Allensworth;-119.3892;35.8499;513
Lemon Hill;-121.4573;38.5172;14182
Fort Dick;-124.1526;41.8663;588
Rancho Cucamonga;-117.5666;34.1248;177452
Rio del Mar;-121.8808;36.9608;9621
Agoura Hills;-118.7608;34.1510;20692
St. Helena;-122.4682;38.5063;7168.0
Dorris;-121.9208;41.9643;907
Lenwood;-117.1078;34.8861;4255
Garberville;-123.7948;40.1003;979
Carmichael;-121.3230;38.6337;65091
Richvale;-121.7507;39.4937;153
New Cuyama;-119.6806;34.9421;556
Tomales;-122.9054;38.2470;260
Anza;-116.6967;33.5679;3284
Rodriguez Camp;-119.1388;35.8090;86
Ballard;-120.1156;34.6340;449
Jacumba;-116.1827;32.6278;176
Westley;-121.2035;37.5444;779
Romoland;-117.1572;33.7648;2081
Santa Ana;-117.8819;33.7366;334136
Sunol;-121.8854;37.5894;967
Lancaster;-118.1753;34.6934;349218.0
Moorpark;-118.8770;34.2855;36802
Graeagle;-120.6486;39.7572;713
Descanso;-116.6279;32.8696;1592
Isleton;-121.6051;38.1617;845
Orange Cove;-119.3188;36.6211;10339.0
Pollock Pines;-120.5904;38.7564;7269
Macdoel;-122.0058;41.8256;91
Vernon;-118.2106;34.0019;113
West Sacramento;-121.5504;38.5557;53512
San Geronimo;-122.6634;38.0067;444
Parlier;-119.5435;36.6085;15245.0
Long Barn;-120.1285;38.0957;48
Calexico;-115.4944;32.6849;40351
Fairhaven;-124.2013;40.7885;171
Compton;-118.2275;33.8930;97612
San Andreas;-120.6763;38.1912;3241
Courtland;-121.5570;38.3329;500
Herlong;-120.1399;40.1419;1440
Desert Edge;-116.4401;33.9223;3156
Chester;-121.2339;40.3017;2274
Fort Bragg;-123.8013;39.4400;10403.0
Bootjack;-119.8887;37.4672;839
Wheatland;-121.3900;39.0287;3818.0
Chino;-117.6654;33.9836;89797
Valley Ranch;-120.5650;39.7403;10
Valley Center;-117.0158;33.2331;9842
Prunedale;-121.6555;36.8064;20928
Taft Heights;-119.4711;35.1337;2721
Twain;-121.0404;40.0355;41
Grizzly Flats;-120.5354;38.6357;954
Junction City;-123.0615;40.7274;668
Victorville;-117.3536;34.5277;346948.0
Taft Mosswood;-121.2831;37.9140;1064
Cedarville;-120.1748;41.5280;289
West Goshen;-119.4516;36.3490;618
Onyx;-118.2102;35.6839;621
Downieville;-120.8213;39.5700;90
Rolling Hills;-118.3471;33.7600;1882
Mesa Verde;-114.7317;33.5957;644
Sheridan;-121.3560;38.9690;1337
Hickman;-120.7532;37.6227;513
Mission Canyon;-119.7125;34.4534;2651
Running Springs;-117.1147;34.2104;4427
Davenport;-122.1882;37.0176;292
La Honda;-122.2651;37.3182;574
Posey;-118.6786;35.8038;5
Jamul;-116.8709;32.7184;5895
Ladera Heights;-118.3740;33.9972;7081
Searles Valley;-117.3967;35.7701;1592
Kingsburg;-119.5608;36.5242;12002
Leona Valley;-118.2990;34.6147;1615
Oakville;-122.4067;38.4384;178
Elmira;-121.9077;38.3523;247
Auburn Lake Trails;-120.9849;38.8917;3632
Lake Almanor Peninsula;-121.1345;40.2812;360
Eldridge;-122.5065;38.3339;1487
Shoshone;-116.3056;35.9510;8
Coachella;-116.1430;33.6905;45443
Toro Canyon;-119.5568;34.4235;1602
Greenview;-122.9185;41.5471;175
Villa Park;-117.8103;33.8180;5895
Campo;-116.4745;32.6394;2971
Morgan Hill;-121.6410;37.1324;45037
Imperial Beach;-117.1184;32.5689;27418
Norco;-117.5500;33.9253;26761
Riverdale;-119.8670;36.4304;4095
Los Altos;-122.0966;37.3685;30743
Rolling Hills Estates;-118.3508;33.7783;8226
Middletown;-122.6221;38.7519;627
Sun Village;-117.9559;34.5596;12794
Pismo Beach;-120.6506;35.1492;8237
Campbell;-121.9538;37.2801;41544
Fountain Valley;-117.9514;33.7105;56313
Trona;-117.3449;35.8150;49
Keeler;-117.8720;36.4846;10
Carmel Valley Village;-121.7198;36.4824;4011
El Centro;-115.5586;32.7867;112145.0
Torrance;-118.3417;33.8346;146758
Oakdale;-120.8471;37.7616;23150
San Juan Bautista;-121.5384;36.8457;1976
Holtville;-115.3779;32.8129;7637.0
East Orosi;-119.2599;36.5481;932
Newcastle;-121.1318;38.8678;1261
Clearlake Riviera;-122.7207;38.9512;3616
Vacaville;-121.9680;38.3590;100801.0
Quartz Hill;-118.2163;34.6527;10098
Chualar;-121.5103;36.5711;1409
Palermo;-121.5226;39.4313;5713
Nice;-122.8525;39.1266;2496
Seaside;-121.8191;36.6224;118110.0
Simi Valley;-118.7490;34.2663;127864.0
Plainview;-119.1375;36.1423;1016
Beckwourth;-120.4111;39.8485;186
Willows;-122.1995;39.5149;7197.0
Menlo Park;-122.1672;37.4686;34357
Valley Home;-120.9143;37.8272;166
North Highlands;-121.3721;38.6713;47357
Indianola;-124.0808;40.8133;736
Mission Viejo;-117.6550;33.6095;600474.0
Alamo;-122.0131;37.8546;15521
Rail Road Flat;-120.4910;38.3168;255
Thermalito;-121.6150;39.4909;6905
Lomita;-118.3175;33.7933;20707
Potter Valley;-123.1123;39.3190;336
Indian Wells;-116.3396;33.7036;5404
Lower Lake;-122.6084;38.9118;1443
Burbank;-118.3235;34.1879;104834
Casa Conejo;-118.9445;34.1847;3393
Rosedale;-119.2058;35.3887;17603
Coronado;-117.1600;32.6640;24417
Warm Springs;-117.3344;33.7067;1417
Dustin Acres;-119.3750;35.2159;679
Yucca Valley;-116.4216;34.1234;25009.0
Maxwell;-122.1946;39.2771;942
Patton Village;-120.1778;40.1401;638
Upland;-117.6604;34.1178;76999
El Cerrito;-122.3025;37.9197;25515
Shingletown;-121.8600;40.5035;2261
Anderson;-122.2962;40.4510;10370
Bloomington;-117.4013;34.0601;22377
Palm Springs;-116.5382;33.8017;48142
Atherton;-122.2032;37.4539;7238
Needles;-114.6189;34.8164;8807.0
Clipper Mills;-121.1666;39.5324;278
Weldon;-118.3103;35.6431;2185
Altadena;-118.1345;34.1928;45236
National City;-117.0983;32.6654;61363
Foresthill;-120.8313;39.0053;1475
Daphnedale Park;-120.5507;41.5089;103
American Canyon;-122.2583;38.1796;20247
Plymouth;-120.8584;38.4776;993
Rialto;-117.3894;34.1175;103562
Rohnert Park;-122.6964;38.3480;42838
Dinuba;-119.3987;36.5453;24034
Pacific Grove;-121.9255;36.6191;15698
Rosamond;-118.2154;34.8658;20024
Roseville;-121.3178;38.7691;135329
Angels;-120.5501;38.0706;3723.0
Occidental;-122.9349;38.4004;892
Vista;-117.2386;33.1896;101568
Phelan;-117.5248;34.4398;15123
Sunnyside;-119.6945;36.7294;4454
Johnstonville;-120.5846;40.3789;1159
Inverness;-122.8471;38.0821;1160
Acton;-118.1858;34.4956;7278
Pasadena;-118.1390;34.1597;142647
Alleghany;-120.8410;39.4666;130
Tres Pinos;-121.3106;36.7904;596
Castaic;-118.6317;34.4818;19299
Stonyford;-122.5445;39.3703;369
Covelo;-123.2499;39.8025;1223
Vandenberg Village;-120.4623;34.7111;7541
Cambria;-121.0847;35.5523;5934
Miranda;-123.8174;40.2289;710
Silverado Resort;-122.2556;38.3536;976
Amesti;-121.7805;36.9583;2851
Planada;-120.3207;37.2892;4472
Hyampom;-123.4689;40.6262;63
Gold Mountain;-120.5191;39.7613;0
China Lake Acres;-117.7667;35.6387;2446
Valle Vista;-116.8872;33.7436;16672
Los Alamos;-120.2783;34.7375;1447
Pine Flat;-118.6427;35.8737;157
Newark;-122.0312;37.5204;47531
Santee;-116.9851;32.8554;58113
Mi-Wuk Village;-120.1790;38.0570;1065
Sereno del Mar;-123.0732;38.3836;63
Walnut Park;-118.2220;33.9683;15915
Santa Paula;-119.0698;34.3521;30747.0
San Ardo;-120.9074;36.0238;623
Del Rey;-119.5993;36.6562;1486
Mono Vista;-120.2697;38.0124;3346
Lake Forest;-117.6712;33.6606;84293
Sonora;-120.3828;37.9819;27995.0
Dobbins;-121.2128;39.3657;696
Newport Beach;-117.8669;33.6151;86160
Peters;-121.0439;37.9763;465
Santa Clara;-121.9680;37.3646;127134
Pine Valley;-116.5107;32.8415;1878
Laguna Woods;-117.7299;33.6099;16200
Penngrove;-122.6707;38.3005;2922
Elizabeth Lake;-118.3783;34.6590;1884
Montara;-122.4924;37.5482;2909
Lennox;-118.3586;33.9380;21537
Barstow;-117.0472;34.8661;30606.0
Walnut Grove;-121.5280;38.2477;1342
Redway;-123.8220;40.1209;1433
Desert Palms;-116.2930;33.7790;6949
Pajaro;-121.7417;36.9016;3644
Mesa Vista;-119.8033;38.8103;291
Azusa;-117.9124;34.1386;49864
Half Moon Bay;-122.4383;37.4688;23540.0
Los Gatos;-121.9560;37.2302;30724
Pinole;-122.2834;37.9931;19364
Hoopa;-123.6972;41.0803;3393
San Anselmo;-122.5699;37.9821;12580
San Martin;-121.5963;37.0829;7313
Auberry;-119.4900;37.0754;2582
Sky Valley;-116.3551;33.8912;2430
Easton;-119.7908;36.6524;2087
McKinleyville;-124.0857;40.9489;16963
Alto;-122.5187;37.9056;751
Sausalito;-122.4932;37.8580;7141
Highlands-Baywood Park;-122.3448;37.5227;4245
Allendale;-121.9814;38.4426;1403
Rosemont;-121.3553;38.5477;23700
Dublin;-121.8964;37.7161;60939
Tarpey Village;-119.7012;36.7941;3200
San Lorenzo;-122.1349;37.6737;25101
Day Valley;-121.8559;37.0255;3816
Paxton;-121.0030;40.0334;0
Cedar Slope;-118.5771;36.1436;0
Seacliff;-121.9176;36.9770;3231
Stockton;-121.3111;37.9766;394467.0
Angwin;-122.4512;38.5776;3463
Tecopa;-116.2074;35.8350;153
Durham;-121.7875;39.6232;5819
Orcutt;-120.4269;34.8668;30001
Emerald Lake Hills;-122.2675;37.4663;4648
Guinda;-122.1985;38.8274;259
Salton Sea Beach;-116.0113;33.3759;549
Fairfield;-122.0319;38.2594;147582.0
Vineyard;-121.3190;38.4744;27585
Acalanes Ridge;-122.0786;37.9045;894
North Edwards;-117.8093;35.0474;812
Rosemead;-118.0823;34.0688;54554
Milford;-120.3686;40.1634;183
Honcut;-121.5387;39.3326;150
Escalon;-120.9981;37.7912;7615.0
Rossmoor;-118.0803;33.7886;10920
Ojai;-119.2469;34.4487;7582
Placerville;-120.7978;38.7308;31260.0
South El Monte;-118.0484;34.0493;20987
Millville;-122.1696;40.5576;657
Temescal Valley;-117.4677;33.7581;25411
Diablo;-121.9565;37.8408;618
Panorama Heights;-118.6270;35.8068;38
Fulton;-122.7734;38.4937;493
Rancho Mirage;-116.4271;33.7634;18306
Yuba City;-121.6381;39.1357;120186.0
San Diego Country Estates;-116.7874;33.0093;10633
Capitola;-121.9539;36.9772;10180
Lanare;-119.9322;36.4377;176
Contra Costa Centre;-122.0539;37.9261;6440
Kennedy Meadows;-118.1100;36.0076;21
Rancho Santa Margarita;-117.5989;33.6317;48793
North Shore;-115.9092;33.5157;3349
Interlaken;-121.7363;36.9505;6725
Homestead Valley;-116.4145;34.2730;2987
Coleville;-119.5160;38.5834;328
Knightsen;-121.6511;37.9633;1576
Mendocino;-123.7908;39.3110;664
Dunsmuir;-122.2714;41.2319;1580
Kings Beach;-120.0201;39.2490;2824
Myers Flat;-123.8737;40.2666;0
Corona;-117.5641;33.8620;167836
East Shore;-121.0768;40.2451;193
Yreka;-122.6311;41.7292;7437.0
Beaumont;-116.9762;33.9070;46967
Bear Creek;-120.4177;37.2966;186
San Pablo;-122.3425;37.9628;31156
Alpine Village;-119.8009;38.7856;179
Dorrington;-120.2706;38.2949;238
Smith River;-124.1494;41.9250;746
Oakley;-121.6951;37.9929;41714
Agua Dulce;-118.3160;34.5044;3598
McArthur;-121.4068;41.0415;380
Oroville East;-121.4866;39.4947;7349
Meridian;-121.9079;39.1404;451
Dixon Lane-Meadow Creek;-118.4153;37.3864;2738
Chino Hills;-117.7253;33.9507;80374
Bonsall;-117.1942;33.2761;4341
Folsom;-121.1422;38.6669;78038
Susanville;-120.6129;40.4205;8783.0
San Rafael;-122.5222;37.9904;59070
Calabasas;-118.6689;34.1375;24202
Cuyama;-119.6148;34.9312;16
Wawona;-119.6395;37.5482;237
Concow;-121.5196;39.7733;762
Westlake Village;-118.8221;34.1369;8440
Sisquoc;-120.2942;34.8622;238
Jackson;-120.7728;38.3485;7394.0
Trowbridge;-121.5148;38.9263;241
Calistoga;-122.5824;38.5818;5273.0
Ladera Ranch;-117.6416;33.5491;28769
Cleone;-123.7812;39.4927;760
Ford City;-119.4584;35.1647;4388
University of California-Davis;-121.7576;38.5374;7221
Oasis;-116.1261;33.5275;3240
Marina;-121.7894;36.6812;22145
San Clemente;-117.6103;33.4498;65267
Whittier;-118.0188;33.9678;86838
Mono City;-119.1466;38.0412;58
Laguna Beach;-117.7613;33.5449;23147
Kernville;-118.4321;35.7531;1175
Silver City;-118.6508;36.4638;0
Ripon;-121.1309;37.7415;15677
Mexican Colony;-119.2687;35.4689;391
Bella Vista;-122.2450;40.6502;2771
Hydesville;-124.0822;40.5579;1004
Niland;-115.5146;33.2387;690
Bodega Bay;-123.0308;38.3250;629
Calpine;-120.4436;39.6633;212
Hat Creek;-121.4809;40.8101;219
Boulevard;-116.2896;32.6640;439
Carson;-118.2559;33.8374;92735
Guadalupe;-120.5735;34.9608;7370.0
Elkhorn;-121.7211;36.8103;1052
Delleker;-120.4968;39.8101;669
Huntington Beach;-118.0025;33.6960;201874
Williams;-122.1373;39.1487;5410.0
Solvang;-120.1401;34.5936;16741.0
Sebastopol;-122.8277;38.4000;7666
Elk Grove;-121.3840;38.4160;171844
Ripley;-114.6530;33.5238;493
Corning;-122.1820;39.9282;8473.0
Cherokee Strip;-119.2617;35.4698;137
Crestline;-117.2890;34.2486;9581
Blacklake;-120.5387;35.0497;1041
Irvine;-117.7738;33.6772;277453
San Marino;-118.1132;34.1224;13327
Cherryland;-122.1038;37.6792;15999
Baldwin Park;-117.9721;34.0829;76402
Bertsch-Oceanview;-124.1594;41.7524;2140
Fair Oaks;-121.2497;38.6504;30704
Arroyo Grande;-120.5845;35.1242;54620.0
Sunnyside-Tahoe City;-120.1613;39.1504;1267
Orland;-122.1855;39.7461;9747.0
Alhambra Valley;-122.1320;37.9665;679
Hughson;-120.8660;37.6020;7498
Santa Nella;-121.0153;37.1014;1976
Mendota;-120.3777;36.7555;11642.0
Zayante;-122.0414;37.0889;1096
Bonny Doon;-122.1369;37.0435;3086
Marysville;-121.5836;39.1518;12413
Tracy;-121.4440;37.7260;95982.0
Winters;-121.9781;38.5320;7775.0
Rose Hills;-118.0420;34.0090;2817
Tehachapi;-118.4750;35.1270;14491.0
Mabie;-120.5447;39.7771;43
East Whittier;-117.9887;33.9244;10540
Florence-Graham;-118.2447;33.9682;63821
Los Alamitos;-118.0594;33.7972;11603
Mad River;-123.4917;40.4325;482
Madison;-121.9702;38.6750;727
Salida;-121.0870;37.7145;14424
Ivanhoe;-119.2202;36.3886;3804
San Carlos;-122.2680;37.4982;30499
Wasco;-119.3671;35.5938;26935.0
Magalia;-121.6078;39.8228;12346
North Richmond;-122.3711;37.9642;3738
Cassel;-121.5515;40.9213;350
Hesperia;-117.3147;34.3975;94859
Tupman;-119.3576;35.2987;159
Prattville;-121.1575;40.2060;16
Home Garden;-119.6370;36.3030;1881
Fairview;-122.0481;37.6761;10222
Storrie;-121.3188;39.9239;0
Homewood Canyon;-117.3863;35.8900;27
Almanor;-121.1762;40.2146;0
San Marcos;-117.1743;33.1350;96198
El Segundo;-118.4021;33.9169;16853
Poso Park;-118.6363;35.8114;6
Keyes;-120.9088;37.5618;6237
Mineral;-121.5694;40.3755;310
La Palma;-118.0406;33.8504;15722
Meiners Oaks;-119.2731;34.4505;3182
Broadmoor;-122.4811;37.6914;5112
Darwin;-117.5891;36.2688;34
Little Valley;-121.1781;40.8930;26
Weott;-123.9209;40.3226;307
August;-121.2625;37.9796;7942
Fowler;-119.6739;36.6246;6495
Yountville;-122.3671;38.3963;2924.0
Willits;-123.3494;39.4047;8031.0
Big Bear Lake;-116.8950;34.2429;5262
Clayton;-121.9301;37.9403;12150
Camarillo;-119.0322;34.2230;74682.0
Mayflower Village;-118.0096;34.1159;5828
Piru;-118.7999;34.4075;1808
Buena Vista;-120.9179;38.2974;436
Saratoga;-122.0263;37.2684;30905
Bodega;-122.9712;38.3488;384
La Presa;-117.0027;32.7110;36225
Channel Islands Beach;-119.2231;34.1586;2659
Del Aire;-118.3693;33.9168;10614
Shaver Lake;-119.3245;37.0971;552
Stinson Beach;-122.6457;37.9051;596
Oxnard;-119.1819;34.1962;389792.0
Valley Springs;-120.8150;38.1837;3321
San Luis Obispo;-120.6689;35.2670;62398.0
Yucaipa;-117.0430;34.0336;53683
Gilroy;-121.5856;37.0047;116235.0
Temecula;-117.1315;33.4928;114327
Kenwood;-122.5387;38.4153;1144
La Mesa;-117.0204;32.7703;60021
Escondido;-117.0723;33.1347;151969
Hilmar-Irwin;-120.8504;37.4045;5407
Verdi;-120.0164;39.5237;154
Penryn;-121.1699;38.8478;939
Arnold;-120.3547;38.2423;2798
Blackhawk;-121.9071;37.8160;9912
Greeley Hill;-120.1290;37.7569;593
King City;-121.1330;36.2166;15862.0
Sierra Village;-120.1624;38.0768;598
North Gate;-121.9981;37.9062;630
Alta Sierra;-121.0523;39.1237;6960
Centerville;-119.4960;36.7361;518
Wilsonia;-118.9558;36.7346;0
Woodland;-121.7500;38.6712;60062.0
Tiburon;-122.4637;37.8854;9165
Manila;-124.1631;40.8513;823
Santa Margarita;-120.6084;35.3894;1394
Camp Nelson;-118.6107;36.1420;0
Oceanside;-117.3083;33.2247;176193
South San Jose Hills;-117.9041;34.0123;20423
Weed;-122.3816;41.4128;2716
Mountain House;-121.5452;37.7740;15010
Big Bend;-121.9239;41.0108;107
Boyes Hot Springs;-122.4888;38.3126;7332
Lake Davis;-120.4630;39.8564;44
Alturas;-120.5516;41.4898;2615.0
Monson;-119.3358;36.4927;324
Daly City;-122.4684;37.6863;107074
Sierra Brooks;-120.2153;39.6426;318
London;-119.4440;36.4810;1872
Eureka;-124.1568;40.7941;45010.0
Aliso Viejo;-117.7289;33.5792;51671
Sunnyvale;-122.0257;37.3836;153656
Soda Bay;-122.7794;39.0024;1169
Cathedral City;-116.4642;33.8363;54596
East Richmond Heights;-122.3140;37.9451;3658
Hermosa Beach;-118.3966;33.8654;19708
Lake Almanor Country Club;-121.1470;40.2578;358
Brisbane;-122.4019;37.6898;4721
Cerritos;-118.0686;33.8677;51020
Corte Madera;-122.5129;37.9238;9864
Reliez Valley;-122.1026;37.9399;3769
Tobin;-121.2959;39.9361;0
Mountain View;-122.0796;37.4000;81438
Pleasure Point;-121.9715;36.9618;6381
Ross;-122.5615;37.9638;2480
Ponderosa;-118.5293;36.1050;0
Firebaugh;-120.4537;36.8534;8031.0
Selma;-119.6156;36.5744;44626.0
Portola Valley;-122.2203;37.3713;4611
Lodoga;-122.5058;39.3041;162
Sugarloaf Village;-118.6355;35.8269;7
Walnut Creek;-122.0398;37.9025;69773
Ferndale;-124.2619;40.5799;1373
Fortuna;-124.1424;40.5860;13375.0
Artesia;-118.0806;33.8676;16904
Kennedy;-121.2457;37.9290;3468
Salinas;-121.6317;36.6884;193590.0
Rancho Santa Fe;-117.1992;33.0240;2428
Burnt Ranch;-123.5082;40.8111;352
Clay;-121.1596;38.3140;1211
Rio Vista;-121.7034;38.1761;8686.0
Hayward;-122.0772;37.6328;160500
Butte Creek Canyon;-121.6969;39.7489;921
Jamestown;-120.4110;37.9574;2618
San Miguel;-122.0369;37.8867;3137
College City;-122.0068;39.0063;210
Colfax;-120.9532;39.0938;3210.0
June Lake;-119.1022;37.7677;383
Yankee Hill;-121.5147;39.7007;365
Lucas Valley-Marinwood;-122.5765;38.0405;7054
Douglas City;-122.9261;40.6636;533
Pioneer;-120.5848;38.4355;1432
Eucalyptus Hills;-116.9453;32.8850;5798
Boulder Creek;-122.1271;37.1341;4359
McFarland;-119.2414;35.6781;15234.0
Mountain Center;-116.7248;33.7112;85
Tonyville;-119.0903;36.2474;684
El Paso de Robles;-120.6560;35.6394;69735.0
Palmdale;-118.1057;34.5944;157519
Nicasio;-122.7008;38.0606;121
McClellan Park;-121.4015;38.6631;1060
Industry;-117.9268;34.0175;204
Chilcoot-Vinton;-120.1388;39.8067;140
Garnet;-116.4796;33.9179;5831
Lake Riverside;-116.8107;33.5173;984
Lakeview;-117.1233;33.8285;2399
Duarte;-117.9504;34.1609;21757
San Juan Capistrano;-117.6544;33.5009;36064
Wofford Heights;-118.4731;35.7127;1606
Arvin;-118.8306;35.1944;21566.0
Monterey Park;-118.1326;34.0497;61044
Turlock;-120.8587;37.5053;107208.0
Indio Hills;-116.2484;33.8411;973
Mecca;-116.0645;33.5767;7893
Downey;-118.1312;33.9379;113092
Alameda;-122.2673;37.7670;79177
Three Rivers;-118.8806;36.4319;2243
Pine Mountain Club;-119.1669;34.8446;1571
Pasatiempo;-122.0265;37.0035;778
Salton City;-115.9609;33.2994;5487
Sleepy Hollow;-122.5877;38.0120;2239
Lake Mathews;-117.3683;33.8250;6402
McGee Creek;-118.7910;37.5727;15
Rouse;-121.0084;37.6195;2044
Hornitos;-120.2420;37.5034;0
Tipton;-119.3130;36.0585;3152
Stanford;-122.1674;37.4252;15277
Beverly Hills;-118.4021;34.0786;34484
Benton;-118.4845;37.8189;293
Strawberry;-122.5078;37.8925;5558
Los Altos Hills;-122.1390;37.3672;8580
Little River;-123.7817;39.2703;82
Bucks Lake;-121.1941;39.8798;16
Chowchilla;-120.2349;37.1095;11740.0
Bishop;-118.3958;37.3665;9630.0
University of California-Merced;-120.4190;37.3666;0
Hartley;-121.9521;38.4203;2807
Valinda;-117.9301;34.0400;25080
Commerce;-118.1519;33.9963;12947
Vandenberg AFB;-120.5182;34.7483;3450
Thermal;-116.1309;33.6262;2166
Topanga;-118.6053;34.0964;7705
Temelec;-122.4982;38.2577;1641
Hasley Canyon;-118.6665;34.4817;1068
Paynes Creek;-121.9174;40.3410;53
Malaga;-119.7318;36.6816;1287
Hawthorne;-118.3476;33.9146;87854
Cantua Creek;-120.3164;36.5001;386
Rancho Tehama Reserve;-122.4418;40.0010;2259
Spring Valley;-116.9766;32.7317;30439
Belden;-121.2541;40.0040;0
Lakehead;-122.3924;40.9007;596
San Pasqual;-118.1025;34.1392;1966
Santa Barbara;-119.7202;34.4285;204034.0
Highgrove;-117.3098;34.0106;4302
Nipinnawasee;-119.7293;37.4031;417
Kensington;-122.2805;37.9084;5573
Cazadero;-123.0978;38.5265;285
Winton;-120.6173;37.3854;11487
Garey;-120.3141;34.8869;137
Tahoma;-120.1438;39.0633;675
Rancho Murieta;-121.0716;38.5085;5424
Stallion Springs;-118.6477;35.0935;3417
Mettler;-118.9729;35.0635;114
Healdsburg;-122.8651;38.6229;11840
Farmington;-121.0044;37.9299;103
Mayfair;-119.7612;36.7694;4953
Coronita;-117.6110;33.8760;2961
Felton;-122.0804;37.0392;3671
Hillsborough;-122.3587;37.5573;11486
Point Reyes Station;-122.8093;38.0847;443
Tranquillity;-120.2526;36.6480;758
Nord;-121.9548;39.7739;492
La Habra Heights;-117.9509;33.9603;5403
Madera Acres;-120.0799;37.0123;9947
Crest;-116.8671;32.8000;2767
Lakewood;-118.1221;33.8471;80967
Paradise;-121.6063;39.7558;35337.0
Rollingwood;-122.3305;37.9655;3477
Bridgeport;-119.2123;38.2561;629
Bangor;-121.4117;39.3761;524
Oak Hills;-117.4125;34.3912;10541
Freeport;-121.5022;38.4636;32
Samoa;-124.1893;40.8146;207
Cottonwood;-122.2861;40.3904;3268
Trinity Center;-122.7083;40.9841;202
Lynwood;-118.2017;33.9240;71099
Paskenta;-122.5457;39.8834;83
Clear Creek;-121.0531;40.3023;305
Eastvale;-117.5802;33.9617;63211
Greenville;-120.9454;40.1336;890
Dollar Point;-120.1089;39.1905;963
Tulare;-119.3401;36.1996;63855
Sunny Slopes;-118.6759;37.5694;77
Norwalk;-118.0829;33.9069;106084
Alpaugh;-119.4873;35.8876;1080
Point Arena;-123.6954;38.9123;453
Coto de Caza;-117.5862;33.5961;14799
Carpinteria;-119.5117;34.3962;13622
Berkeley;-122.2760;37.8723;122324
Heber;-115.5204;32.7318;4273
Airport;-120.9774;37.6324;1547
Taft;-119.4243;35.1267;15143.0
Bystrom;-120.9827;37.6199;4136
Discovery Bay;-121.6076;37.9071;15525
Canby;-120.8843;41.4477;546
Huntington Park;-118.2167;33.9800;58822
Goleta;-119.8595;34.4360;31116
Gerber;-122.1482;40.0614;1280
Fruitridge Pocket;-121.4558;38.5326;6074
Moss Beach;-122.5036;37.5185;3915
Good Hope;-117.2772;33.7706;9369
Reedley;-119.4473;36.5983;48970.0
Chula Vista;-117.0145;32.6281;270471
Linden;-121.0994;38.0186;2102
Scotia;-124.1032;40.4774;734
Ramona;-116.8767;33.0474;21871
Camp Pendleton South;-117.3791;33.2284;12770
Benbow;-123.7653;40.0603;152
East Oakdale;-120.8007;37.7854;3146
Riverbank;-120.9402;37.7268;24740
Flournoy;-122.4461;39.9284;165
Long Beach;-118.1675;33.7980;469450
Petaluma;-122.6267;38.2423;67316.0
Bodfish;-118.4764;35.5765;1593
Santa Susana;-118.6662;34.2580;1042
Novato;-122.5576;38.0920;55980
Nevada City;-121.0231;39.2607;3136
Weedpatch;-118.9123;35.2369;2052
Marin City;-122.5137;37.8711;3016
Ione;-120.9422;38.3613;7730.0
Mountain Gate;-122.3262;40.7184;971
Mount Hermon;-122.0533;37.0511;958
Grayson;-121.1794;37.5650;1083
Del Rey Oaks;-121.8381;36.5929;1687
Casmalia;-120.5311;34.8376;147
Ridgecrest;-117.6621;35.6308;32579.0
Vine Hill;-122.0873;38.0071;4108
Raisin City;-119.9092;36.6033;313
Green Valley;-122.1621;38.2606;1314
Sutter;-121.7492;39.1557;2948
Perris;-117.2233;33.7899;77879
Avalon;-118.3315;33.3342;3687.0
Kettleman City;-119.9628;36.0089;1574
Ceres;-120.9625;37.5953;48697
Shandon;-120.3832;35.6536;1219
Sierraville;-120.3637;39.5750;80
Desert Hot Springs;-116.5430;33.9551;43730.0
West Whittier-Los Nietos;-118.0689;33.9759;27002
Auburn;-121.0777;38.8950;34818.0
Weaverville;-122.9274;40.7488;3303
Desert Shores;-116.0394;33.4041;982
Calpella;-123.1970;39.2322;343
Lookout;-121.1545;41.2100;63
Twentynine Palms;-116.0659;34.1478;13664.0
Watsonville;-121.7706;36.9206;77700.0
Kentfield;-122.5498;37.9481;6927
Colma;-122.4526;37.6767;1514
Edna;-120.6060;35.2108;195
Idlewild;-118.6704;35.8096;0
Lake Don Pedro;-120.3368;37.6461;1135
South Pasadena;-118.1573;34.1103;25888
Poplar-Cotton Center;-119.1493;36.0564;2660
Wrightwood;-117.6299;34.3495;4286
San Gabriel;-118.0990;34.0948;40514
Woodbridge;-121.3113;38.1692;3993
Soledad;-121.3431;36.4434;26483.0
Old Station;-121.4228;40.6722;34
Three Rocks;-120.3936;36.5051;193
El Portal;-119.7990;37.6736;378
West Point;-120.5374;38.4043;590
Camanche North Shore;-120.9538;38.2442;928
Glendora;-117.8467;34.1449;52445
Terminous;-121.4896;38.1154;494
Hood;-121.5155;38.3693;309
Atwater;-120.5981;37.3543;29397
Sierra Madre;-118.0504;34.1687;11038
Crescent Mills;-120.9217;40.1008;266
Antioch;-121.7957;37.9789;302885.0
Warner Valley;-121.3174;40.3955;0
Minkler;-119.4587;36.7277;1207
Fiddletown;-120.7605;38.5091;393
Bell Gardens;-118.1550;33.9663;42747
Pine Grove;-120.6606;38.4074;2137
Windsor;-122.8086;38.5418;27548
West Puente Valley;-117.9681;34.0512;23487
Santa Monica;-118.4813;34.0232;92306
Lone Pine;-118.0777;36.5774;1767
Tuttletown;-120.4503;38.0003;1044
Coarsegold;-119.7000;37.2526;1180
Parkwood;-120.0482;36.9293;2334
Lucerne;-122.7760;39.0697;3144
Kingvale;-120.4386;39.3204;146
Sultana;-119.3360;36.5464;1188
Lawndale;-118.3531;33.8884;33078
French Valley;-117.1069;33.5998;31353
Piedmont;-122.2301;37.8226;11378
La Canada Flintridge;-118.2002;34.2097;20413
Elk Creek;-122.5376;39.6002;251
Las Lomas;-121.7317;36.8689;3762
Goodyears Bar;-120.8881;39.5458;33
Murphys;-120.4348;38.1447;2070
South Lake Tahoe;-119.9828;38.9393;29890.0
Leggett;-123.7253;39.8634;102
El Rancho;-119.0690;36.2207;103
Arcata;-124.0757;40.8615;33806.0
Laytonville;-123.4945;39.6715;1254
Crowley Lake;-118.7465;37.5692;875
Silver Lakes;-117.3431;34.7519;6437
North Tustin;-117.7945;33.7644;25364
Galt;-121.3000;38.2693;27571.0
Stevinson;-120.8497;37.3247;351
Fort Washington;-119.7613;36.8793;756
East Hemet;-116.9410;33.7301;19951
Cherokee;-121.5345;39.6514;78
Placentia;-117.8553;33.8807;52157
Santa Maria;-120.4432;34.9333;140219.0
Clovis;-119.6838;36.8277;109691
Seeley;-115.6842;32.7899;1573
Patterson;-121.1438;37.4738;22523.0
Bay Point;-121.9616;38.0328;23708
Cold Springs;-120.8761;38.7468;637
Littlerock;-117.9808;34.5232;1998
Beale AFB;-121.3542;39.1095;992
San Bruno;-122.4313;37.6254;43299
Portola;-120.4732;39.8242;2313.0
Friant;-119.7130;36.9848;552
South San Gabriel;-118.0962;34.0489;8964
Pierpoint;-118.6296;36.1405;0
Eagleville;-120.1147;41.3191;89
Olancha;-118.0015;36.2704;185
Wildomar;-117.2583;33.6173;36932
Larkspur;-122.5313;37.9394;12396
Laguna Niguel;-117.7050;33.5275;66334
San Ramon;-121.9365;37.7625;75931
Cowan;-120.9888;37.5601;530
Bend;-122.2095;40.2561;505
Sequoia Crest;-118.6256;36.1858;0
Lemoore;-119.7983;36.2960;26355
Lake California;-122.2102;40.3608;2888
Grand Terrace;-117.3132;34.0312;12595
Cohasset;-121.7448;39.9027;1107
West Athens;-118.3033;33.9235;8746
Hamilton City;-122.0125;39.7422;2357
Diamond Springs;-120.8391;38.6920;11717
Mokelumne Hill;-120.7061;38.3057;604
Mira Monte;-119.2853;34.4284;6916
Isla Vista;-119.8581;34.4144;27484
Del Monte Forest;-121.9439;36.5857;4575
Vina;-122.0518;39.9343;182
Harbison Canyon;-116.8381;32.8273;4199
Byron;-121.6421;37.8756;1480
Graniteville;-120.7360;39.4443;0
Aptos;-121.8934;36.9912;5775
East Pasadena;-118.0775;34.1377;6288
Proberta;-122.1776;40.0762;218
Fetters Hot Springs-Agua Caliente;-122.4871;38.3274;4848
Palo Verde;-114.7273;33.4279;86
Orosi;-119.2903;36.5434;7760
Irwindale;-117.9636;34.1121;1461
Burney;-121.6691;40.8846;3676
Fontana;-117.4599;34.0968;211815
Bethel Island;-121.6404;38.0288;2379
California Pines;-120.6605;41.4117;328
Clio;-120.5725;39.7487;42
Cotati;-122.7092;38.3279;7479
West Hollywood;-118.3719;34.0883;37080
Loleta;-124.2225;40.6408;591
Etna;-122.8946;41.4582;720
San Bernardino;-117.2945;34.1417;216995
Jurupa Valley;-117.4706;34.0010;106028
Castle Hill;-122.0574;37.8730;1232
Parklawn;-120.9793;37.6069;1340
Valley Wells;-117.3366;35.8761;0
Colton;-117.3254;34.0538;54828
Santa Venetia;-122.5033;38.0055;4924
Loyalton;-120.2448;39.6768;706
Camp Pendleton North;-117.3162;33.3148;7443
Red Bluff;-122.2413;40.1735;18709.0
Sattley;-120.4357;39.6265;57
Bell;-118.1798;33.9801;35811
Rough and Ready;-121.1381;39.2341;786
Tehama;-122.1269;40.0218;422
Clarksburg;-121.5415;38.4193;511
Caspar;-123.8044;39.3631;924
Carnelian Bay;-120.0766;39.2348;438
La Mirada;-118.0093;33.9025;49095
San Antonio Heights;-117.6592;34.1571;3092
Arcadia;-118.0373;34.1342;58799
Lake Hughes;-118.4588;34.6833;624
Frazier Park;-118.9542;34.8122;2440
San Joaquin;-120.1897;36.6057;4024.0
Rancho Calaveras;-120.8570;38.1248;6437
Ben Lomond;-122.0882;37.0782;6923
Litchfield;-120.3809;40.3876;152
Porterville;-119.0338;36.0644;76729.0
Templeton;-120.7182;35.5560;7989
Earlimart;-119.2715;35.8824;8824
Salmon Creek;-123.0595;38.3463;49
Vista Santa Rosa;-116.2126;33.6227;3318
Bluewater;-114.2640;34.1760;178
Loomis;-121.1955;38.8093;6809
Oak Glen;-116.9497;34.0448;439
Lemon Grove;-117.0344;32.7331;27108
Challenge-Brownsville;-121.2632;39.4646;837
Stevenson Ranch;-118.5885;34.3894;19666
Coffee Creek;-122.7136;41.0802;298
Ruth;-123.3483;40.2943;214
Summerland;-119.5893;34.4255;1108
Franklin;-120.5321;37.3277;7471
Orangevale;-121.2208;38.6880;34467
Big Pine;-118.2951;37.1655;1605
Matheny;-119.3516;36.1707;1221
Ukiah;-123.2105;39.1463;29637.0
Olivehurst;-121.5549;39.0817;13500
Redlands;-117.1712;34.0511;71554
Laguna Hills;-117.6992;33.5920;31318
Shelter Cove;-124.0558;40.0389;477
West Menlo Park;-122.2034;37.4338;3744
Martell;-120.8039;38.3623;298
Rocklin;-121.2488;38.8075;64838
Grangeville;-119.7074;36.3439;547
South San Francisco;-122.4197;37.6536;67429
Hercules;-122.2564;38.0064;25545
North Auburn;-121.0821;38.9306;13395
Redwood City;-122.2252;37.5026;86685
Sutter Creek;-120.8107;38.3827;2575
Dos Palos Y;-120.6395;37.0468;279
Dixon;-121.8250;38.4467;20304.0
Homeland;-117.1132;33.7459;7471
Lee Vining;-119.1221;37.9547;102
Catheys Valley;-120.0936;37.4371;774
Dutch Flat;-120.8345;39.2080;165
Cabazon;-116.7828;33.9127;3928
Tennant;-121.9148;41.5818;30
Linnell Camp;-119.2225;36.3089;865
Vallecito;-120.4563;38.0740;330
Garden Grove;-117.9601;33.7787;174226
Fremont;-121.9852;37.5265;234962
Fruitdale;-121.9357;37.3117;888
Lathrop;-121.3130;37.8090;22781
Blairsden;-120.6109;39.7752;36
Coalinga;-120.3266;36.1432;15915.0
Garden Acres;-121.2296;37.9637;10931
Coulterville;-120.1991;37.7106;85
Moreno Valley;-117.2045;33.9244;207226
East Nicolaus;-121.5443;38.9100;236
Lakeland Village;-117.3706;33.6480;13343
West Rancho Dominguez;-118.2682;33.9057;23537
Pala;-117.0696;33.3617;977
Plumas Lake;-121.5580;38.9924;6976
Atascadero;-120.6858;35.4827;30418
California City;-117.8720;35.1578;10794.0
Trinidad;-124.1434;41.0589;360
Benicia;-122.1541;38.0704;28343
Knights Landing;-121.7176;38.7979;1028
French Gulch;-122.6311;40.7166;474
Mount Laguna;-116.4247;32.8711;0
Paradise Park;-122.0425;37.0063;521
Nuevo;-117.1415;33.8011;7017
Solana Beach;-117.2575;32.9942;13444
Oak Shores;-120.9817;35.7624;305
Ladera;-122.1991;37.3996;1553
Millbrae;-122.4024;37.5994;22718
Culver City;-118.3968;34.0058;39283
Castroville;-121.7535;36.7650;6689
Delft Colony;-119.4465;36.5120;349
Chico;-121.8152;39.7575;106268.0
El Cajon;-116.9604;32.8017;103894
Rio Oso;-121.5310;38.9518;421
Crescent City;-124.1902;41.7727;15886.0
Truckee;-120.1848;39.3454;12418.0
Greenfield;-121.2451;36.3232;17647.0
Martinez;-122.1160;37.9985;38373
South Monrovia Island;-117.9958;34.1234;6989
Port Hueneme;-119.2036;34.1617;22327
Fieldbrook;-124.0250;40.9723;865
Ontario;-117.6064;34.0393;175841
McClenney Tract;-118.6478;35.8220;27
Castro Valley;-122.0632;37.7092;63625
Murrieta;-117.1909;33.5720;483681.0
Gasquet;-123.9733;41.8429;955
Pittsburg;-121.8970;38.0185;72141
Hopland;-123.1173;38.9691;914
La Puente;-117.9533;34.0323;40322
Hacienda Heights;-117.9728;33.9970;54155
Montalvin Manor;-122.3300;37.9977;2800
Taylorsville;-120.8386;40.0587;264
Bradbury;-117.9684;34.1536;1093
Cudahy;-118.1830;33.9631;24076
Grass Valley;-121.0521;39.2237;34650.0
Big River;-114.3604;34.1393;1031
Myrtletown;-124.1286;40.7888;5145
Markleeville;-119.8226;38.6840;190
South Oroville;-121.5439;39.4767;3062
Palos Verdes Estates;-118.3976;33.7871;13544
Monterey Park Tract;-121.0115;37.5268;284
Janesville;-120.5335;40.2809;1298
Denair;-120.7994;37.5262;4988
Orinda;-122.1790;37.8808;19730
Huron;-120.0961;36.2040;7311.0
Rainbow;-117.1394;33.4098;2041
Ridgemark;-121.3623;36.8083;3020
Citrus Heights;-121.2880;38.6948;87931
Lake of the Woods;-119.0027;34.8226;1260
Oak View;-119.2976;34.3990;4472
South Dos Palos;-120.6467;36.9707;2201
Anchor Bay;-123.5704;38.8126;347
Boonville;-123.3740;39.0115;972
La Verne;-117.7702;34.1208;32461
Albion;-123.7564;39.2256;253
Oildale;-119.0279;35.4249;34496
Westmont;-118.3018;33.9417;33532
La Selva Beach;-121.8445;36.9276;2746
Collierville;-121.2675;38.2141;2315
Lafayette;-122.1189;37.8919;26440
Walker;-119.4582;38.5341;721
Caribou;-121.1616;40.0761;0
Monterey;-121.8807;36.5922;28639
East Los Angeles;-118.1691;34.0326;123905
Sonoma;-122.4598;38.2902;34089.0
Groveland;-120.2394;37.8325;446
Merced;-120.4779;37.3057;144117.0
Aspen Springs;-118.7087;37.5500;58
San Simeon;-121.1375;35.6182;523
Le Grand;-120.2540;37.2288;1637
Westwood;-121.0044;40.3049;1662
Soda Springs;-120.3785;39.3248;53
Carmel-by-the-Sea;-121.9222;36.5528;3897
Del Mar;-117.2627;32.9633;4363
Desert View Highlands;-118.1536;34.5902;2514
Mountain Ranch;-120.5119;38.2509;1045
Blue Lake;-123.9931;40.8813;1265
Waterford;-120.7553;37.6429;9632.0
Alum Rock;-121.8241;37.3694;12128
North Lakeport;-122.9054;39.0883;3283
Menifee;-117.1849;33.6909;90595
Bowles;-119.7526;36.6089;185
Boronda;-121.6745;36.6947;1259
Charter Oak;-117.8564;34.1025;9481
Big Creek;-119.2487;37.2035;170
Monument Hills;-121.8756;38.6641;2038
Avila Beach;-120.7192;35.1971;1080
California Hot Springs;-118.6561;35.8863;45
Keene;-118.6103;35.2330;348
Sand City;-121.8478;36.6189;387
Rutherford;-122.4231;38.4568;77
Canyondam;-121.0769;40.1699;96
Tustin;-117.8106;33.7309;80498
Victor;-121.1987;38.1385;384
Kelly Ridge;-121.4662;39.5289;2540
Val Verde;-118.6717;34.4504;2928
Farmersville;-119.2081;36.3054;10778
Saranap;-122.0761;37.8878;6235
Richmond;-122.3390;37.9477;110040
Santa Cruz;-122.0346;36.9789;177556.0
Happy Camp;-123.3892;41.8103;800
Hornbrook;-122.5596;41.9079;216
Corralitos;-121.7892;36.9941;2920
Wilkerson;-118.3877;37.2794;504
Midpines;-119.9485;37.5531;1424
Twin Lakes;-121.9896;36.9646;5570
Alhambra;-118.1355;34.0840;85396
Suisun City;-122.0086;38.2471;29639
Tooleville;-119.1154;36.2878;432
Parkway;-121.4520;38.4993;16166
Calwa;-119.7609;36.7136;1555
Bakersfield;-119.0359;35.3530;574362.0
Phillipsville;-123.7844;40.2117;69
Lemoore Station;-119.9049;36.2633;6601
Lake Los Angeles;-117.8339;34.6097;11820
Aromas;-121.6404;36.8771;2650
Edwards AFB;-117.9294;34.9045;2410
Winter Gardens;-116.9268;32.8376;22237
Mammoth Lakes;-118.9900;37.6273;7598.0
Fullerton;-117.9279;33.8841;140392
Gustine;-120.9949;37.2545;5844.0
Delano;-119.2637;35.7670;54471.0
San Francisco;-122.4430;37.7562;3603761.0
East Sonora;-120.3410;37.9777;2319
Foothill Farms;-121.3475;38.6867;33627
Lake City;-120.2255;41.6460;62
Terra Bella;-119.0328;35.9567;3110
Phoenix Lake;-120.3090;38.0074;4278
Edgewood;-122.4259;41.4621;25
Pike;-120.9996;39.4278;126
Muir Beach;-122.5858;37.8654;255
Woodlake;-119.0999;36.4124;7844.0
Dana Point;-117.6969;33.4733;33934
Lockwood;-121.0802;35.9412;591
Mount Shasta;-122.3150;41.3206;7536.0
Woodcrest;-117.3686;33.8789;16527
Woodside;-122.2591;37.4221;5564
El Verano;-122.4915;38.2975;3663
Squirrel Mountain Valley;-118.4047;35.6175;1339
Woodlands;-120.5524;35.0289;1494
Tuolumne City;-120.2428;37.9615;1372
Seville;-119.2247;36.4856;565
Shasta;-122.4797;40.5911;1776
San Fernando;-118.4363;34.2886;24714
Lompoc;-120.4714;34.6618;52856.0
South Gate;-118.1926;33.9448;95430
Bolinas;-122.7095;37.9177;1219
Norris Canyon;-121.9878;37.7454;977
Hemet;-116.9969;33.7341;176892.0
Chalfant;-118.3750;37.5105;981
Spaulding;-120.7863;40.6556;124
Hamilton Branch;-121.0961;40.2772;627
Arbuckle;-122.0610;39.0141;3548
Philo;-123.4452;39.0657;246
Lexington Hills;-121.9879;37.1616;2531
Gazelle;-122.5215;41.5137;42
Forbestown;-121.2689;39.5300;370
Loma Mar;-122.3007;37.2658;201
Little Grass Valley;-120.9591;39.7252;0
Goshen;-119.4210;36.3518;3561
Antelope;-121.3610;38.7153;47728
Humboldt Hill;-124.1987;40.7219;4217
Guerneville;-122.9894;38.5137;4570
Fresno;-119.7941;36.7831;698021.0
East Foothills;-121.8138;37.3827;6405
North El Monte;-118.0239;34.1029;3832
Union City;-122.0187;37.6030;75343
Walnut;-117.8593;34.0334;30199
El Granada;-122.4660;37.5134;6286
Orange;-117.8218;33.8038;140560
Deer Park;-122.4679;38.5361;1149
Bradley;-120.8042;35.8628;149
Buena Park;-118.0046;33.8572;83015
Fort Bidwell;-120.1589;41.8629;223
Citrus;-117.8890;34.1161;11489
Camino;-120.6814;38.7412;1652
Newman;-121.0211;37.3157;11360.0
Loma Linda;-117.2498;34.0451;24196
River Pines;-120.7475;38.5454;452
Garden Farms;-120.6140;35.4158;279
Moskowite Corner;-122.1945;38.4464;155
Pomona;-117.7626;34.0585;152939
Stratford;-119.8224;36.1884;966
Lake Elsinore;-117.3344;33.6846;66411
Covina;-117.8817;34.0903;48462
Larkfield-Wikiup;-122.7536;38.5130;9184
Cayucos;-120.8847;35.4375;2847
Albany;-122.3018;37.8898;20143
Fallbrook;-117.2258;33.3693;31121
Borrego Springs;-116.3572;33.2410;2077
Paramount;-118.1652;33.8977;54909
Winterhaven;-114.6378;32.7372;183
Dos Palos;-120.6337;36.9854;7383.0
Lake San Marcos;-117.2089;33.1197;4924
Manteca;-121.2266;37.7934;98736.0
Kerman;-120.0625;36.7249;14869.0
Nipomo;-120.4990;35.0323;16706
San Dimas;-117.8090;34.1082;34326
Loyola;-122.0980;37.3502;3448
Buttonwillow;-119.4406;35.4092;1517
Keswick;-122.4606;40.6135;449
Marina del Rey;-118.4486;33.9765;9691
Vincent;-117.9238;34.0982;17485
Greenhorn;-120.7590;39.9030;220
Santa Rosa Valley;-118.9023;34.2453;3456
Westhaven-Moonstone;-124.1023;41.0447;1153
Creston;-120.5210;35.5173;52
French Camp;-121.2803;37.8802;3710
Forest Meadows;-120.4052;38.1664;1715
Davis;-121.7365;38.5552;76524.0
Hollister;-121.3981;36.8563;46183.0
El Rio;-119.1568;34.2453;7229
Morro Bay;-120.8482;35.3681;10635
Monte Rio;-123.0147;38.4683;1009
Cameron Park;-120.9872;38.6737;19706
Lakeport;-122.9218;39.0392;16614.0
Upper Lake;-122.9052;39.1653;964
Georgetown;-120.8356;38.9111;2393
Malibu;-118.7845;34.0368;12877
Hartland;-118.9553;36.6518;0
Redondo Beach;-118.3766;33.8574;67908
Lake Almanor West;-121.2020;40.2335;183
Lamont;-118.9159;35.2651;15597
Bieber;-121.1336;41.1251;170
Moss Landing;-121.7872;36.8019;55
Anaheim;-117.8573;33.8390;352497
Mojave;-118.1895;35.0139;4222
Camanche Village;-120.9866;38.2662;755
Julian;-116.5889;33.0735;878
Bell Canyon;-118.6876;34.2081;2150
Biggs;-121.7100;39.4132;1711
Florin;-121.4042;38.4832;49226
Talmage;-123.1648;39.1314;1156
Linda;-121.5421;39.1242;19072
Butte Valley;-121.6363;39.6571;695
West Carson;-118.2931;33.8229;22260
Fall River Mills;-121.4401;41.0069;443
Claremont;-117.7153;34.1259;36015
Pleasant Hill;-122.0759;37.9540;34987
Santa Ynez;-120.0944;34.6151;4377
Santa Clarita;-118.4992;34.4155;309378.0
Derby Acres;-119.6039;35.2440;320
Hanford;-119.6544;36.3264;92066.0
Clearlake;-122.6331;38.9590;15751.0
Morada;-121.2456;38.0386;4478
Brea;-117.8654;33.9254;42777
Lake Arrowhead;-117.1945;34.2531;10612
Drytown;-120.8565;38.4382;201
Los Angeles;-118.4068;34.1139;12815475.0
Smartsville;-121.2928;39.2053;140
Calipatria;-115.5056;33.1493;7558
Esparto;-122.0241;38.6934;3732
Manchester;-123.6910;38.9743;168
Monmouth;-119.7405;36.5656;160
Rio Dell;-124.1105;40.5024;4127.0
Princeton;-122.0212;39.4029;287
Mountain View Acres;-117.3472;34.4976;3869
Lake of the Pines;-121.0642;39.0378;4193
Yolo;-121.8093;38.7405;402
Penn Valley;-121.1942;39.1954;1892
McKittrick;-119.6249;35.2981;145
Soulsbyville;-120.2617;37.9917;2348
Thousand Oaks;-118.8755;34.1914;218729.0
Fairmead;-120.1937;37.0775;2005
Grover Beach;-120.6199;35.1204;13628
Westmorland;-115.6223;33.0389;2284
West Bishop;-118.4542;37.3571;2923
Lebec;-118.8992;34.8450;1557
Crows Landing;-121.0843;37.3947;209
Hardwick;-119.7207;36.4026;59
Pine Hills;-124.1551;40.7313;2986
Gold River;-121.2487;38.6268;7460
Mill Valley;-122.5420;37.9085;14355
Topaz;-119.5274;38.6587;183
Glendale;-118.2468;34.1818;203054
Pixley;-119.2889;35.9769;4008
Santa Rosa;-122.7067;38.4458;321908.0
Whitley Gardens;-120.5068;35.6571;293
Richgrove;-119.1069;35.7966;2923
Los Banos;-120.8405;37.0631;39122.0
Volta;-120.9235;37.0875;231
Fillmore;-118.9181;34.3990;15895.0
Bret Harte;-121.0045;37.6021;5367
Brentwood;-121.7190;37.9356;62433
Shasta Lake;-122.3775;40.6790;10190
Cutten;-124.1446;40.7657;2907
Mead Valley;-117.2852;33.8333;20402
Nicolaus;-121.5729;38.8981;185
Fort Irwin;-116.6834;35.2476;9053
Mariposa;-119.9683;37.4873;1338
Wallace;-120.9586;38.1978;1002
Acampo;-121.2798;38.1735;520
Mentone;-117.1109;34.0609;10129
Waukena;-119.5109;36.1361;148
Desert Center;-115.3666;33.7378;156
Port Costa;-122.1850;38.0446;178
Cromberg;-120.6905;39.8684;154
Highland;-117.1654;34.1113;55342
Hidden Hills;-118.6612;34.1637;1921
Los Osos;-120.8249;35.3068;15714
Encinitas;-117.2613;33.0490;63184
Los Olivos;-120.1180;34.6647;788
Johnsville;-120.7130;39.7663;0
Pinon Hills;-117.6214;34.4438;7583
Sanger;-119.5576;36.6992;27582.0
Oakland;-122.2165;37.7903;425195
Shell Ridge;-122.0344;37.9060;1328
Greenacres;-119.1184;35.3831;5705
Lockeford;-121.1554;38.1508;3283
La Porte;-120.9852;39.6725;0
View Park-Windsor Hills;-118.3484;33.9955;11308
Indian Falls;-120.9803;40.0587;115
Tara Hills;-122.3188;37.9939;5160
East San Gabriel;-118.0807;34.1198;15832
Richfield;-122.1733;39.9738;275
Sea Ranch;-123.4528;38.7166;1137
Lake Sherwood;-118.8804;34.1339;1832
Cypress;-118.0386;33.8171;49064
Belvedere;-122.4662;37.8735;2126
Comptche;-123.5897;39.2651;71
Granite Bay;-121.1714;38.7601;22479
Forest Ranch;-121.6705;39.8952;557
Poway;-117.0201;32.9872;50041
Ballico;-120.7037;37.4519;383
Monrovia;-117.9921;34.1650;37061
Orick;-124.0692;41.2909;295
Lake Isabella;-118.4819;35.6378;4287
Bayview;-124.1786;40.7653;2466
Nubieber;-121.1816;41.0966;18
Lakeside;-116.9040;32.8560;21827
Diamond Bar;-117.8161;33.9991;56665
Visalia;-119.3269;36.3276;234573.0
Lindcove;-119.0721;36.3595;419
La Riviera;-121.3544;38.5683;10693
Jenner;-123.1204;38.4511;64
Home Gardens;-117.5116;33.8784;11997
Moraga;-122.1225;37.8438;17630
Kelseyville;-122.8327;38.9704;3647
Berry Creek;-121.4052;39.6314;1179
Hawaiian Gardens;-118.0728;33.8303;14450
Meadow Valley;-121.0832;39.9323;379
Yettem;-119.2551;36.4866;420
Columbia;-120.4097;38.0333;2329
Lytle Creek;-117.5044;34.2499;901
Yosemite Valley;-119.5779;37.7407;996
Oak Park;-118.7669;34.1849;14440
East Palo Alto;-122.1352;37.4671;29765
Quincy;-120.9548;39.9310;1936
Squaw Valley;-119.2000;36.6944;3044
Timber Cove;-123.2590;38.5410;131
Crockett;-122.2201;38.0519;3142
Cupertino;-122.0465;37.3168;60777
Bloomfield;-122.8502;38.3183;419
Seal Beach;-118.0714;33.7542;24326
Winchester;-117.0775;33.7146;2721
Camino Tassajara;-121.8850;37.7909;3717
Oakhurst;-119.6483;37.3342;3605
Gridley;-121.6971;39.3622;8424.0
McCloud;-122.1360;41.2541;1108
Clyde;-122.0278;38.0252;901
East Tulare Villa;-119.2821;36.2035;782
Armona;-119.7054;36.3179;3730
Glen Ellen;-122.5412;38.3564;768
Riverside;-117.3948;33.9381;2084749.0
Iron Horse;-120.4823;39.7805;405
Alondra Park;-118.3350;33.8885;7441
Lake Wildwood;-121.2003;39.2350;5315
Doyle;-120.1172;40.0275;533
East Porterville;-118.9713;36.0573;6519
Montgomery Creek;-121.9215;40.8414;93
Lincoln;-121.2916;38.8759;47674
Pacheco;-122.0700;37.9878;4334
Joshua Tree;-116.3128;34.1236;7020
Emeryville;-122.2932;37.8382;11758
Redwood Valley;-123.2023;39.2690;1747
El Nido;-120.4985;37.1324;341
Mohawk Vista;-120.5883;39.8048;104
Johannesburg;-117.6420;35.3718;124
C-Road;-120.5770;39.7628;103
Camptonville;-121.0488;39.4521;177
Yorba Linda;-117.7713;33.8890;68229
Woodville;-119.2050;36.0898;1770
San Buenaventura;-119.2314;34.2741;110790
Midway City;-117.9849;33.7451;8819
Oroville;-121.5634;39.4999;45655.0
Empire;-120.9045;37.6432;4177
Carlsbad;-117.2837;33.1247;115330
Aguanga;-116.8555;33.4522;830
Cutler;-119.2883;36.5263;5850
Cambrian Park;-121.9288;37.2563;3098
San Lucas;-121.0218;36.1283;346
Whitehawk;-120.5536;39.7206;49
Snelling;-120.4385;37.5216;115
Bear Valley;-120.1230;37.5671;233
Ahwahnee;-119.7194;37.3652;2340
Temple City;-118.0579;34.1022;36367
Willow Creek;-123.6412;40.9385;1434
Artois;-122.1898;39.6332;376
Blythe;-114.6195;33.6219;12228.0
Coloma;-120.8946;38.8026;663
Freedom;-121.7954;36.9402;3183
Maywood;-118.1877;33.9885;27586
Green Acres;-117.0783;33.7350;2776
Fairbanks Ranch;-117.1859;32.9919;3024
Rodeo;-122.2526;38.0368;10174
Avenal;-120.1160;36.0312;12425.0
Pine Mountain Lake;-120.1843;37.8599;2343
Alderpoint;-123.6157;40.1614;113
Lincoln Village;-121.3339;38.0054;4931
Elverta;-121.4455;38.7185;5606
San Jose;-121.8489;37.3021;1821899.0
South Taft;-119.4575;35.1293;1417
Arden-Arcade;-121.3810;38.6034;98616
Cartago;-118.0261;36.3123;11
Monte Sereno;-121.9881;37.2404;3578
Lost Hills;-119.6789;35.6254;2055
Imperial;-115.5723;32.8388;17550
Adelanto;-117.4397;34.5815;34066
Mount Hebron;-122.0083;41.7855;75
McSwain;-120.5867;37.3146;4363
La Habra;-117.9513;33.9278;62466
Shingle Springs;-120.9370;38.6665;4100
Brawley;-115.5288;32.9783;26472.0
Smith Corner;-119.2771;35.4788;733
Napa;-122.3011;38.2976;87032.0
Springville;-118.8345;36.1168;849
Apple Valley;-117.2104;34.5328;73077
Round Valley;-118.5819;37.4067;484
Trinity Village;-123.5132;40.8789;224
Rio Linda;-121.4418;38.6876;15228
Tahoe Vista;-120.0535;39.2483;1290
Bear Valley Springs;-118.6460;35.1775;5389
Ducor;-119.0456;35.8943;657
Soquel;-121.9482;36.9978;11241
Palm Desert;-116.3695;33.7378;52932
Spring Garden;-120.7936;39.9012;8
Red Corral;-120.6056;38.4116;1850
Clearlake Oaks;-122.6593;39.0218;2275
Twain Harte;-120.2340;38.0384;2694
San Leandro;-122.1601;37.7071;90553
Manton;-121.8540;40.4202;404
Swall Meadows;-118.6426;37.5060;228
Butte Meadows;-121.5370;40.0871;77
North Fair Oaks;-122.2035;37.4754;15454
Cedar Ridge;-120.2737;38.0661;969
Aptos Hills-Larkin Valley;-121.8341;36.9606;2291
Rancho Palos Verdes;-118.3637;33.7554;42364
Westminster;-117.9938;33.7523;91564
Dogtown;-121.1551;38.2096;2548
Pacifica;-122.4781;37.6112;39087
Buellton;-120.1943;34.6152;5135
New Pine Creek;-120.3009;41.9872;63
Canyon Lake;-117.2621;33.6884;11223
Corcoran;-119.5612;36.0847;22453.0
Kirkwood;-120.0640;38.6930;73
Cressey;-120.6556;37.4210;316
Fields Landing;-124.2176;40.7249;147
Ashland;-122.1159;37.6942;24477
Baker;-116.0718;35.2769;626
Gardena;-118.3073;33.8944;60224
Foster City;-122.2659;37.5553;34412
Gonzales;-121.4430;36.5060;8466.0
Pescadero;-122.3725;37.2507;709